Titel,Link,Rang
Satans Versprechen,https://amzn.to/3kniBWi,
Satans Verbündeter,https://amzn.to/3xZrX2D,
Satans Versuchung,https://amzn.to/3EVwFQq,
Frost Magie 1,https://amzn.to/3vSIUca,
Frost Magie 2,https://amzn.to/3xZOsof,
Twisted Shadows: Dunkle Versuchung ,https://amzn.to/38vJ2GS,
Dark As The Stars,https://amzn.to/3OGngR7,
KINKtober,https://amzn.to/3vkriqO,
Fatality: craving his madness,https://amzn.to/3OFzidF,
Vanilla is for Ice Cream: In seiner Hand,https://amzn.to/3vqm1hC,
Dark Christmas: Breaking Rules ,https://amzn.to/3xZAsdR,
Not a hero: Ashton,https://amzn.to/3kj1OE3,
Wicked League: Der Wächter ,https://amzn.to/3KmtfHt,
Wicked League: Der Regent,https://amzn.to/3krfzQN,